date,region_code,cases_pos_total,cases_deceased,Id,region_name,region_latitude,region_longitude,population,country,cases_pos_new
2020-02-24,BW,0,0.0,8,Baden-Wuerttemberg,48.6296972,9.1949534,11069533,DE,
2020-02-25,BW,1,0.0,8,Baden-Wuerttemberg,48.6296972,9.1949534,11069533,DE,1.0
2020-02-26,BW,3,0.0,8,Baden-Wuerttemberg,48.6296972,9.1949534,11069533,DE,2.0
2020-02-27,BW,6,0.0,8,Baden-Wuerttemberg,48.6296972,9.1949534,11069533,DE,3.0
2020-02-28,BW,10,0.0,8,Baden-Wuerttemberg,48.6296972,9.1949534,11069533,DE,4.0
2020-02-29,BW,14,0.0,8,Baden-Wuerttemberg,48.6296972,9.1949534,11069533,DE,4.0
2020-03-01,BW,15,0.0,8,Baden-Wuerttemberg,48.6296972,9.1949534,11069533,DE,1.0
2020-03-02,BW,19,0.0,8,Baden-Wuerttemberg,48.6296972,9.1949534,11069533,DE,4.0
2020-03-03,BW,26,0.0,8,Baden-Wuerttemberg,48.6296972,9.1949534,11069533,DE,7.0
2020-03-04,BW,44,0.0,8,Baden-Wuerttemberg,48.6296972,9.1949534,11069533,DE,18.0
2020-03-05,BW,73,0.0,8,Baden-Wuerttemberg,48.6296972,9.1949534,11069533,DE,29.0
2020-03-06,BW,96,0.0,8,Baden-Wuerttemberg,48.6296972,9.1949534,11069533,DE,23.0
2020-03-07,BW,170,0.0,8,Baden-Wuerttemberg,48.6296972,9.1949534,11069533,DE,74.0
2020-03-08,BW,182,0.0,8,Baden-Wuerttemberg,48.6296972,9.1949534,11069533,DE,12.0
2020-03-09,BW,204,0.0,8,Baden-Wuerttemberg,48.6296972,9.1949534,11069533,DE,22.0
2020-03-10,BW,237,0.0,8,Baden-Wuerttemberg,48.6296972,9.1949534,11069533,DE,33.0
2020-03-11,BW,277,0.0,8,Baden-Wuerttemberg,48.6296972,9.1949534,11069533,DE,40.0
2020-03-12,BW,454,1.0,8,Baden-Wuerttemberg,48.6296972,9.1949534,11069533,DE,177.0
2020-03-13,BW,454,1.0,8,Baden-Wuerttemberg,48.6296972,9.1949534,11069533,DE,0.0
2020-03-14,BW,569,2.0,8,Baden-Wuerttemberg,48.6296972,9.1949534,11069533,DE,115.0
2020-03-15,BW,827,3.0,8,Baden-Wuerttemberg,48.6296972,9.1949534,11069533,DE,258.0
2020-03-16,BW,1105,3.0,8,Baden-Wuerttemberg,48.6296972,9.1949534,11069533,DE,278.0
2020-03-17,BW,1479,2.0,8,Baden-Wuerttemberg,48.6296972,9.1949534,11069533,DE,374.0
2020-03-18,BW,1609,2.0,8,Baden-Wuerttemberg,48.6296972,9.1949534,11069533,DE,130.0
2020-03-19,BW,2155,6.0,8,Baden-Wuerttemberg,48.6296972,9.1949534,11069533,DE,546.0
2020-03-20,BW,2746,10.0,8,Baden-Wuerttemberg,48.6296972,9.1949534,11069533,DE,591.0
2020-02-24,BY,14,0.0,9,Bayern,48.9467562,11.4038717,13076721,DE,
2020-02-25,BY,14,0.0,9,Bayern,48.9467562,11.4038717,13076721,DE,0.0
2020-02-26,BY,14,0.0,9,Bayern,48.9467562,11.4038717,13076721,DE,0.0
2020-02-27,BY,14,0.0,9,Bayern,48.9467562,11.4038717,13076721,DE,0.0
2020-02-28,BY,15,0.0,9,Bayern,48.9467562,11.4038717,13076721,DE,1.0
2020-02-29,BY,15,0.0,9,Bayern,48.9467562,11.4038717,13076721,DE,0.0
2020-03-01,BY,19,0.0,9,Bayern,48.9467562,11.4038717,13076721,DE,4.0
2020-03-02,BY,25,0.0,9,Bayern,48.9467562,11.4038717,13076721,DE,6.0
2020-03-03,BY,35,0.0,9,Bayern,48.9467562,11.4038717,13076721,DE,10.0
2020-03-04,BY,48,0.0,9,Bayern,48.9467562,11.4038717,13076721,DE,13.0
2020-03-05,BY,70,0.0,9,Bayern,48.9467562,11.4038717,13076721,DE,22.0
2020-03-06,BY,117,0.0,9,Bayern,48.9467562,11.4038717,13076721,DE,47.0
2020-03-07,BY,134,0.0,9,Bayern,48.9467562,11.4038717,13076721,DE,17.0
2020-03-08,BY,172,0.0,9,Bayern,48.9467562,11.4038717,13076721,DE,38.0
2020-03-09,BY,256,0.0,9,Bayern,48.9467562,11.4038717,13076721,DE,84.0
2020-03-10,BY,314,0.0,9,Bayern,48.9467562,11.4038717,13076721,DE,58.0
2020-03-11,BY,366,0.0,9,Bayern,48.9467562,11.4038717,13076721,DE,52.0
2020-03-12,BY,500,1.0,9,Bayern,48.9467562,11.4038717,13076721,DE,134.0
2020-03-13,BY,558,1.0,9,Bayern,48.9467562,11.4038717,13076721,DE,58.0
2020-03-14,BY,681,1.0,9,Bayern,48.9467562,11.4038717,13076721,DE,123.0
2020-03-15,BY,886,4.0,9,Bayern,48.9467562,11.4038717,13076721,DE,205.0
2020-03-16,BY,1067,5.0,9,Bayern,48.9467562,11.4038717,13076721,DE,181.0
2020-03-17,BY,1109,4.0,9,Bayern,48.9467562,11.4038717,13076721,DE,42.0
2020-03-18,BY,1243,4.0,9,Bayern,48.9467562,11.4038717,13076721,DE,134.0
2020-03-19,BY,1692,8.0,9,Bayern,48.9467562,11.4038717,13076721,DE,449.0
2020-03-20,BY,2401,12.0,9,Bayern,48.9467562,11.4038717,13076721,DE,709.0
2020-02-24,BE,0,0.0,11,Berlin,52.517036499999996,13.388859900000002,3644826,DE,
2020-02-25,BE,0,0.0,11,Berlin,52.517036499999996,13.388859900000002,3644826,DE,0.0
2020-02-26,BE,0,0.0,11,Berlin,52.517036499999996,13.388859900000002,3644826,DE,0.0
2020-02-27,BE,0,0.0,11,Berlin,52.517036499999996,13.388859900000002,3644826,DE,0.0
2020-02-28,BE,0,0.0,11,Berlin,52.517036499999996,13.388859900000002,3644826,DE,0.0
2020-02-29,BE,0,0.0,11,Berlin,52.517036499999996,13.388859900000002,3644826,DE,0.0
2020-03-01,BE,0,0.0,11,Berlin,52.517036499999996,13.388859900000002,3644826,DE,0.0
2020-03-02,BE,1,0.0,11,Berlin,52.517036499999996,13.388859900000002,3644826,DE,1.0
2020-03-03,BE,3,0.0,11,Berlin,52.517036499999996,13.388859900000002,3644826,DE,2.0
2020-03-04,BE,6,0.0,11,Berlin,52.517036499999996,13.388859900000002,3644826,DE,3.0
2020-03-05,BE,13,0.0,11,Berlin,52.517036499999996,13.388859900000002,3644826,DE,7.0
2020-03-06,BE,19,0.0,11,Berlin,52.517036499999996,13.388859900000002,3644826,DE,6.0
2020-03-07,BE,28,0.0,11,Berlin,52.517036499999996,13.388859900000002,3644826,DE,9.0
2020-03-08,BE,40,0.0,11,Berlin,52.517036499999996,13.388859900000002,3644826,DE,12.0
2020-03-09,BE,48,0.0,11,Berlin,52.517036499999996,13.388859900000002,3644826,DE,8.0
2020-03-10,BE,48,0.0,11,Berlin,52.517036499999996,13.388859900000002,3644826,DE,0.0
2020-03-11,BE,90,0.0,11,Berlin,52.517036499999996,13.388859900000002,3644826,DE,42.0
2020-03-12,BE,137,0.0,11,Berlin,52.517036499999996,13.388859900000002,3644826,DE,47.0
2020-03-13,BE,174,0.0,11,Berlin,52.517036499999996,13.388859900000002,3644826,DE,37.0
2020-03-14,BE,216,0.0,11,Berlin,52.517036499999996,13.388859900000002,3644826,DE,42.0
2020-03-15,BE,265,0.0,11,Berlin,52.517036499999996,13.388859900000002,3644826,DE,49.0
2020-03-16,BE,300,0.0,11,Berlin,52.517036499999996,13.388859900000002,3644826,DE,35.0
2020-03-17,BE,345,0.0,11,Berlin,52.517036499999996,13.388859900000002,3644826,DE,45.0
2020-03-18,BE,391,0.0,11,Berlin,52.517036499999996,13.388859900000002,3644826,DE,46.0
2020-03-19,BE,573,0.0,11,Berlin,52.517036499999996,13.388859900000002,3644826,DE,182.0
2020-03-20,BE,731,0.0,11,Berlin,52.517036499999996,13.388859900000002,3644826,DE,158.0
2020-02-24,BB,0,0.0,12,Brandenburg,52.84554920000001,13.2461296,2511917,DE,
2020-02-25,BB,0,0.0,12,Brandenburg,52.84554920000001,13.2461296,2511917,DE,0.0
2020-02-26,BB,0,0.0,12,Brandenburg,52.84554920000001,13.2461296,2511917,DE,0.0
2020-02-27,BB,0,0.0,12,Brandenburg,52.84554920000001,13.2461296,2511917,DE,0.0
2020-02-28,BB,0,0.0,12,Brandenburg,52.84554920000001,13.2461296,2511917,DE,0.0
2020-02-29,BB,0,0.0,12,Brandenburg,52.84554920000001,13.2461296,2511917,DE,0.0
2020-03-01,BB,0,0.0,12,Brandenburg,52.84554920000001,13.2461296,2511917,DE,0.0
2020-03-02,BB,0,0.0,12,Brandenburg,52.84554920000001,13.2461296,2511917,DE,0.0
2020-03-03,BB,1,0.0,12,Brandenburg,52.84554920000001,13.2461296,2511917,DE,1.0
2020-03-04,BB,1,0.0,12,Brandenburg,52.84554920000001,13.2461296,2511917,DE,0.0
2020-03-05,BB,1,0.0,12,Brandenburg,52.84554920000001,13.2461296,2511917,DE,0.0
2020-03-06,BB,2,0.0,12,Brandenburg,52.84554920000001,13.2461296,2511917,DE,1.0
2020-03-07,BB,2,0.0,12,Brandenburg,52.84554920000001,13.2461296,2511917,DE,0.0
2020-03-08,BB,4,0.0,12,Brandenburg,52.84554920000001,13.2461296,2511917,DE,2.0
2020-03-09,BB,6,0.0,12,Brandenburg,52.84554920000001,13.2461296,2511917,DE,2.0
2020-03-10,BB,9,0.0,12,Brandenburg,52.84554920000001,13.2461296,2511917,DE,3.0
2020-03-11,BB,24,0.0,12,Brandenburg,52.84554920000001,13.2461296,2511917,DE,15.0
2020-03-12,BB,30,0.0,12,Brandenburg,52.84554920000001,13.2461296,2511917,DE,6.0
2020-03-13,BB,44,0.0,12,Brandenburg,52.84554920000001,13.2461296,2511917,DE,14.0
2020-03-14,BB,61,0.0,12,Brandenburg,52.84554920000001,13.2461296,2511917,DE,17.0
2020-03-15,BB,84,0.0,12,Brandenburg,52.84554920000001,13.2461296,2511917,DE,23.0
2020-03-16,BB,94,0.0,12,Brandenburg,52.84554920000001,13.2461296,2511917,DE,10.0
2020-03-17,BB,73,0.0,12,Brandenburg,52.84554920000001,13.2461296,2511917,DE,-21.0
2020-03-18,BB,92,0.0,12,Brandenburg,52.84554920000001,13.2461296,2511917,DE,19.0
2020-03-19,BB,134,0.0,12,Brandenburg,52.84554920000001,13.2461296,2511917,DE,42.0
2020-03-20,BB,192,0.0,12,Brandenburg,52.84554920000001,13.2461296,2511917,DE,58.0
2020-02-24,HB,0,0.0,4,Bremen,53.0758196,8.8071646,682986,DE,
2020-02-25,HB,0,0.0,4,Bremen,53.0758196,8.8071646,682986,DE,0.0
2020-02-26,HB,0,0.0,4,Bremen,53.0758196,8.8071646,682986,DE,0.0
2020-02-27,HB,0,0.0,4,Bremen,53.0758196,8.8071646,682986,DE,0.0
2020-02-28,HB,0,0.0,4,Bremen,53.0758196,8.8071646,682986,DE,0.0
2020-02-29,HB,0,0.0,4,Bremen,53.0758196,8.8071646,682986,DE,0.0
2020-03-01,HB,1,0.0,4,Bremen,53.0758196,8.8071646,682986,DE,1.0
2020-03-02,HB,1,0.0,4,Bremen,53.0758196,8.8071646,682986,DE,0.0
2020-03-03,HB,1,0.0,4,Bremen,53.0758196,8.8071646,682986,DE,0.0
2020-03-04,HB,2,0.0,4,Bremen,53.0758196,8.8071646,682986,DE,1.0
2020-03-05,HB,3,0.0,4,Bremen,53.0758196,8.8071646,682986,DE,1.0
2020-03-06,HB,4,0.0,4,Bremen,53.0758196,8.8071646,682986,DE,1.0
2020-03-07,HB,4,0.0,4,Bremen,53.0758196,8.8071646,682986,DE,0.0
2020-03-08,HB,4,0.0,4,Bremen,53.0758196,8.8071646,682986,DE,0.0
2020-03-09,HB,4,0.0,4,Bremen,53.0758196,8.8071646,682986,DE,0.0
2020-03-10,HB,4,0.0,4,Bremen,53.0758196,8.8071646,682986,DE,0.0
2020-03-11,HB,21,0.0,4,Bremen,53.0758196,8.8071646,682986,DE,17.0
2020-03-12,HB,38,0.0,4,Bremen,53.0758196,8.8071646,682986,DE,17.0
2020-03-13,HB,42,0.0,4,Bremen,53.0758196,8.8071646,682986,DE,4.0
2020-03-14,HB,50,0.0,4,Bremen,53.0758196,8.8071646,682986,DE,8.0
2020-03-15,HB,53,0.0,4,Bremen,53.0758196,8.8071646,682986,DE,3.0
2020-03-16,HB,56,0.0,4,Bremen,53.0758196,8.8071646,682986,DE,3.0
2020-03-17,HB,57,0.0,4,Bremen,53.0758196,8.8071646,682986,DE,1.0
2020-03-18,HB,69,0.0,4,Bremen,53.0758196,8.8071646,682986,DE,12.0
2020-03-19,HB,80,0.0,4,Bremen,53.0758196,8.8071646,682986,DE,11.0
2020-03-20,HB,121,0.0,4,Bremen,53.0758196,8.8071646,682986,DE,41.0
2020-02-24,HH,0,0.0,2,Hamburg,53.550341,10.000653999999999,1841179,DE,
2020-02-25,HH,0,0.0,2,Hamburg,53.550341,10.000653999999999,1841179,DE,0.0
2020-02-26,HH,0,0.0,2,Hamburg,53.550341,10.000653999999999,1841179,DE,0.0
2020-02-27,HH,0,0.0,2,Hamburg,53.550341,10.000653999999999,1841179,DE,0.0
2020-02-28,HH,0,0.0,2,Hamburg,53.550341,10.000653999999999,1841179,DE,0.0
2020-02-29,HH,0,0.0,2,Hamburg,53.550341,10.000653999999999,1841179,DE,0.0
2020-03-01,HH,1,0.0,2,Hamburg,53.550341,10.000653999999999,1841179,DE,1.0
2020-03-02,HH,1,0.0,2,Hamburg,53.550341,10.000653999999999,1841179,DE,0.0
2020-03-03,HH,2,0.0,2,Hamburg,53.550341,10.000653999999999,1841179,DE,1.0
2020-03-04,HH,2,0.0,2,Hamburg,53.550341,10.000653999999999,1841179,DE,0.0
2020-03-05,HH,5,0.0,2,Hamburg,53.550341,10.000653999999999,1841179,DE,3.0
2020-03-06,HH,11,0.0,2,Hamburg,53.550341,10.000653999999999,1841179,DE,6.0
2020-03-07,HH,13,0.0,2,Hamburg,53.550341,10.000653999999999,1841179,DE,2.0
2020-03-08,HH,13,0.0,2,Hamburg,53.550341,10.000653999999999,1841179,DE,0.0
2020-03-09,HH,17,0.0,2,Hamburg,53.550341,10.000653999999999,1841179,DE,4.0
2020-03-10,HH,29,0.0,2,Hamburg,53.550341,10.000653999999999,1841179,DE,12.0
2020-03-11,HH,48,0.0,2,Hamburg,53.550341,10.000653999999999,1841179,DE,19.0
2020-03-12,HH,88,0.0,2,Hamburg,53.550341,10.000653999999999,1841179,DE,40.0
2020-03-13,HH,99,0.0,2,Hamburg,53.550341,10.000653999999999,1841179,DE,11.0
2020-03-14,HH,158,0.0,2,Hamburg,53.550341,10.000653999999999,1841179,DE,59.0
2020-03-15,HH,162,0.0,2,Hamburg,53.550341,10.000653999999999,1841179,DE,4.0
2020-03-16,HH,260,0.0,2,Hamburg,53.550341,10.000653999999999,1841179,DE,98.0
2020-03-17,HH,310,0.0,2,Hamburg,53.550341,10.000653999999999,1841179,DE,50.0
2020-03-18,HH,358,0.0,2,Hamburg,53.550341,10.000653999999999,1841179,DE,48.0
2020-03-19,HH,432,0.0,2,Hamburg,53.550341,10.000653999999999,1841179,DE,74.0
2020-03-20,HH,586,0.0,2,Hamburg,53.550341,10.000653999999999,1841179,DE,154.0
2020-02-24,HE,2,0.0,6,Hessen,50.611853700000005,9.1909725,6265809,DE,
2020-02-25,HE,2,0.0,6,Hessen,50.611853700000005,9.1909725,6265809,DE,0.0
2020-02-26,HE,2,0.0,6,Hessen,50.611853700000005,9.1909725,6265809,DE,0.0
2020-02-27,HE,2,0.0,6,Hessen,50.611853700000005,9.1909725,6265809,DE,0.0
2020-02-28,HE,2,0.0,6,Hessen,50.611853700000005,9.1909725,6265809,DE,0.0
2020-02-29,HE,5,0.0,6,Hessen,50.611853700000005,9.1909725,6265809,DE,3.0
2020-03-01,HE,10,0.0,6,Hessen,50.611853700000005,9.1909725,6265809,DE,5.0
2020-03-02,HE,12,0.0,6,Hessen,50.611853700000005,9.1909725,6265809,DE,2.0
2020-03-03,HE,12,0.0,6,Hessen,50.611853700000005,9.1909725,6265809,DE,0.0
2020-03-04,HE,12,0.0,6,Hessen,50.611853700000005,9.1909725,6265809,DE,0.0
2020-03-05,HE,14,0.0,6,Hessen,50.611853700000005,9.1909725,6265809,DE,2.0
2020-03-06,HE,16,0.0,6,Hessen,50.611853700000005,9.1909725,6265809,DE,2.0
2020-03-07,HE,17,0.0,6,Hessen,50.611853700000005,9.1909725,6265809,DE,1.0
2020-03-08,HE,19,0.0,6,Hessen,50.611853700000005,9.1909725,6265809,DE,2.0
2020-03-09,HE,26,0.0,6,Hessen,50.611853700000005,9.1909725,6265809,DE,7.0
2020-03-10,HE,35,0.0,6,Hessen,50.611853700000005,9.1909725,6265809,DE,9.0
2020-03-11,HE,48,0.0,6,Hessen,50.611853700000005,9.1909725,6265809,DE,13.0
2020-03-12,HE,99,0.0,6,Hessen,50.611853700000005,9.1909725,6265809,DE,51.0
2020-03-13,HE,148,0.0,6,Hessen,50.611853700000005,9.1909725,6265809,DE,49.0
2020-03-14,HE,203,0.0,6,Hessen,50.611853700000005,9.1909725,6265809,DE,55.0
2020-03-15,HE,286,0.0,6,Hessen,50.611853700000005,9.1909725,6265809,DE,83.0
2020-03-16,HE,342,0.0,6,Hessen,50.611853700000005,9.1909725,6265809,DE,56.0
2020-03-17,HE,373,0.0,6,Hessen,50.611853700000005,9.1909725,6265809,DE,31.0
2020-03-18,HE,432,0.0,6,Hessen,50.611853700000005,9.1909725,6265809,DE,59.0
2020-03-19,HE,682,0.0,6,Hessen,50.611853700000005,9.1909725,6265809,DE,250.0
2020-03-20,HE,813,1.0,6,Hessen,50.611853700000005,9.1909725,6265809,DE,131.0
2020-02-24,MV,0,0.0,13,Mecklenburg-Vorpommern,52.676373399999996,9.9070666,7982448,DE,
2020-02-25,MV,0,0.0,13,Mecklenburg-Vorpommern,52.676373399999996,9.9070666,7982448,DE,0.0
2020-02-26,MV,0,0.0,13,Mecklenburg-Vorpommern,52.676373399999996,9.9070666,7982448,DE,0.0
2020-02-27,MV,0,0.0,13,Mecklenburg-Vorpommern,52.676373399999996,9.9070666,7982448,DE,0.0
2020-02-28,MV,0,0.0,13,Mecklenburg-Vorpommern,52.676373399999996,9.9070666,7982448,DE,0.0
2020-02-29,MV,0,0.0,13,Mecklenburg-Vorpommern,52.676373399999996,9.9070666,7982448,DE,0.0
2020-03-01,MV,0,0.0,13,Mecklenburg-Vorpommern,52.676373399999996,9.9070666,7982448,DE,0.0
2020-03-02,MV,0,0.0,13,Mecklenburg-Vorpommern,52.676373399999996,9.9070666,7982448,DE,0.0
2020-03-03,MV,0,0.0,13,Mecklenburg-Vorpommern,52.676373399999996,9.9070666,7982448,DE,0.0
2020-03-04,MV,3,0.0,13,Mecklenburg-Vorpommern,52.676373399999996,9.9070666,7982448,DE,3.0
2020-03-05,MV,4,0.0,13,Mecklenburg-Vorpommern,52.676373399999996,9.9070666,7982448,DE,1.0
2020-03-06,MV,5,0.0,13,Mecklenburg-Vorpommern,52.676373399999996,9.9070666,7982448,DE,1.0
2020-03-07,MV,5,0.0,13,Mecklenburg-Vorpommern,52.676373399999996,9.9070666,7982448,DE,0.0
2020-03-08,MV,8,0.0,13,Mecklenburg-Vorpommern,52.676373399999996,9.9070666,7982448,DE,3.0
2020-03-09,MV,10,0.0,13,Mecklenburg-Vorpommern,52.676373399999996,9.9070666,7982448,DE,2.0
2020-03-10,MV,13,0.0,13,Mecklenburg-Vorpommern,52.676373399999996,9.9070666,7982448,DE,3.0
2020-03-11,MV,17,0.0,13,Mecklenburg-Vorpommern,52.676373399999996,9.9070666,7982448,DE,4.0
2020-03-12,MV,23,0.0,13,Mecklenburg-Vorpommern,52.676373399999996,9.9070666,7982448,DE,6.0
2020-03-13,MV,33,0.0,13,Mecklenburg-Vorpommern,52.676373399999996,9.9070666,7982448,DE,10.0
2020-03-14,MV,45,0.0,13,Mecklenburg-Vorpommern,52.676373399999996,9.9070666,7982448,DE,12.0
2020-03-15,MV,50,0.0,13,Mecklenburg-Vorpommern,52.676373399999996,9.9070666,7982448,DE,5.0
2020-03-16,MV,51,0.0,13,Mecklenburg-Vorpommern,52.676373399999996,9.9070666,7982448,DE,1.0
2020-03-17,MV,45,0.0,13,Mecklenburg-Vorpommern,52.676373399999996,9.9070666,7982448,DE,-6.0
2020-03-18,MV,56,0.0,13,Mecklenburg-Vorpommern,52.676373399999996,9.9070666,7982448,DE,11.0
2020-03-19,MV,98,0.0,13,Mecklenburg-Vorpommern,52.676373399999996,9.9070666,7982448,DE,42.0
2020-03-20,MV,131,0.0,13,Mecklenburg-Vorpommern,52.676373399999996,9.9070666,7982448,DE,33.0
2020-02-24,NI,0,0.0,3,Niedersachen,53.773523399999995,12.5755746,1609675,DE,
2020-02-25,NI,0,0.0,3,Niedersachen,53.773523399999995,12.5755746,1609675,DE,0.0
2020-02-26,NI,0,0.0,3,Niedersachen,53.773523399999995,12.5755746,1609675,DE,0.0
2020-02-27,NI,0,0.0,3,Niedersachen,53.773523399999995,12.5755746,1609675,DE,0.0
2020-02-28,NI,0,0.0,3,Niedersachen,53.773523399999995,12.5755746,1609675,DE,0.0
2020-02-29,NI,0,0.0,3,Niedersachen,53.773523399999995,12.5755746,1609675,DE,0.0
2020-03-01,NI,1,0.0,3,Niedersachen,53.773523399999995,12.5755746,1609675,DE,1.0
2020-03-02,NI,1,0.0,3,Niedersachen,53.773523399999995,12.5755746,1609675,DE,0.0
2020-03-03,NI,1,0.0,3,Niedersachen,53.773523399999995,12.5755746,1609675,DE,0.0
2020-03-04,NI,4,0.0,3,Niedersachen,53.773523399999995,12.5755746,1609675,DE,3.0
2020-03-05,NI,18,0.0,3,Niedersachen,53.773523399999995,12.5755746,1609675,DE,14.0
2020-03-06,NI,18,0.0,3,Niedersachen,53.773523399999995,12.5755746,1609675,DE,0.0
2020-03-07,NI,19,0.0,3,Niedersachen,53.773523399999995,12.5755746,1609675,DE,1.0
2020-03-08,NI,21,0.0,3,Niedersachen,53.773523399999995,12.5755746,1609675,DE,2.0
2020-03-09,NI,38,0.0,3,Niedersachen,53.773523399999995,12.5755746,1609675,DE,17.0
2020-03-10,NI,49,0.0,3,Niedersachen,53.773523399999995,12.5755746,1609675,DE,11.0
2020-03-11,NI,75,0.0,3,Niedersachen,53.773523399999995,12.5755746,1609675,DE,26.0
2020-03-12,NI,129,0.0,3,Niedersachen,53.773523399999995,12.5755746,1609675,DE,54.0
2020-03-13,NI,230,0.0,3,Niedersachen,53.773523399999995,12.5755746,1609675,DE,101.0
2020-03-14,NI,253,0.0,3,Niedersachen,53.773523399999995,12.5755746,1609675,DE,23.0
2020-03-15,NI,287,0.0,3,Niedersachen,53.773523399999995,12.5755746,1609675,DE,34.0
2020-03-16,NI,391,0.0,3,Niedersachen,53.773523399999995,12.5755746,1609675,DE,104.0
2020-03-17,NI,325,0.0,3,Niedersachen,53.773523399999995,12.5755746,1609675,DE,-66.0
2020-03-18,NI,478,0.0,3,Niedersachen,53.773523399999995,12.5755746,1609675,DE,153.0
2020-03-19,NI,669,0.0,3,Niedersachen,53.773523399999995,12.5755746,1609675,DE,191.0
2020-03-20,NI,803,0.0,3,Niedersachen,53.773523399999995,12.5755746,1609675,DE,134.0
2020-02-24,NW,0,0.0,5,Nordrhein-Westfalen,51.478179600000004,7.5542336,17932651,DE,
2020-02-25,NW,1,0.0,5,Nordrhein-Westfalen,51.478179600000004,7.5542336,17932651,DE,1.0
2020-02-26,NW,2,0.0,5,Nordrhein-Westfalen,51.478179600000004,7.5542336,17932651,DE,1.0
2020-02-27,NW,4,0.0,5,Nordrhein-Westfalen,51.478179600000004,7.5542336,17932651,DE,2.0
2020-02-28,NW,25,0.0,5,Nordrhein-Westfalen,51.478179600000004,7.5542336,17932651,DE,21.0
2020-02-29,NW,30,0.0,5,Nordrhein-Westfalen,51.478179600000004,7.5542336,17932651,DE,5.0
2020-03-01,NW,66,0.0,5,Nordrhein-Westfalen,51.478179600000004,7.5542336,17932651,DE,36.0
2020-03-02,NW,86,0.0,5,Nordrhein-Westfalen,51.478179600000004,7.5542336,17932651,DE,20.0
2020-03-03,NW,101,0.0,5,Nordrhein-Westfalen,51.478179600000004,7.5542336,17932651,DE,15.0
2020-03-04,NW,111,0.0,5,Nordrhein-Westfalen,51.478179600000004,7.5542336,17932651,DE,10.0
2020-03-05,NW,181,0.0,5,Nordrhein-Westfalen,51.478179600000004,7.5542336,17932651,DE,70.0
2020-03-06,NW,329,0.0,5,Nordrhein-Westfalen,51.478179600000004,7.5542336,17932651,DE,148.0
2020-03-07,NW,373,0.0,5,Nordrhein-Westfalen,51.478179600000004,7.5542336,17932651,DE,44.0
2020-03-08,NW,398,0.0,5,Nordrhein-Westfalen,51.478179600000004,7.5542336,17932651,DE,25.0
2020-03-09,NW,484,2.0,5,Nordrhein-Westfalen,51.478179600000004,7.5542336,17932651,DE,86.0
2020-03-10,NW,484,2.0,5,Nordrhein-Westfalen,51.478179600000004,7.5542336,17932651,DE,0.0
2020-03-11,NW,484,3.0,5,Nordrhein-Westfalen,51.478179600000004,7.5542336,17932651,DE,0.0
2020-03-12,NW,688,3.0,5,Nordrhein-Westfalen,51.478179600000004,7.5542336,17932651,DE,204.0
2020-03-13,NW,936,3.0,5,Nordrhein-Westfalen,51.478179600000004,7.5542336,17932651,DE,248.0
2020-03-14,NW,1154,5.0,5,Nordrhein-Westfalen,51.478179600000004,7.5542336,17932651,DE,218.0
2020-03-15,NW,1407,5.0,5,Nordrhein-Westfalen,51.478179600000004,7.5542336,17932651,DE,253.0
2020-03-16,NW,1541,5.0,5,Nordrhein-Westfalen,51.478179600000004,7.5542336,17932651,DE,134.0
2020-03-17,NW,2105,6.0,5,Nordrhein-Westfalen,51.478179600000004,7.5542336,17932651,DE,564.0
2020-03-18,NW,2372,6.0,5,Nordrhein-Westfalen,51.478179600000004,7.5542336,17932651,DE,267.0
2020-03-19,NW,3033,6.0,5,Nordrhein-Westfalen,51.478179600000004,7.5542336,17932651,DE,661.0
2020-03-20,NW,3497,6.0,5,Nordrhein-Westfalen,51.478179600000004,7.5542336,17932651,DE,464.0
2020-02-24,RP,0,0.0,7,Rheinland-Pfalz,49.953159899999996,7.310646,4084844,DE,
2020-02-25,RP,0,0.0,7,Rheinland-Pfalz,49.953159899999996,7.310646,4084844,DE,0.0
2020-02-26,RP,0,0.0,7,Rheinland-Pfalz,49.953159899999996,7.310646,4084844,DE,0.0
2020-02-27,RP,0,0.0,7,Rheinland-Pfalz,49.953159899999996,7.310646,4084844,DE,0.0
2020-02-28,RP,0,0.0,7,Rheinland-Pfalz,49.953159899999996,7.310646,4084844,DE,0.0
2020-02-29,RP,1,0.0,7,Rheinland-Pfalz,49.953159899999996,7.310646,4084844,DE,1.0
2020-03-01,RP,2,0.0,7,Rheinland-Pfalz,49.953159899999996,7.310646,4084844,DE,1.0
2020-03-02,RP,2,0.0,7,Rheinland-Pfalz,49.953159899999996,7.310646,4084844,DE,0.0
2020-03-03,RP,2,0.0,7,Rheinland-Pfalz,49.953159899999996,7.310646,4084844,DE,0.0
2020-03-04,RP,2,0.0,7,Rheinland-Pfalz,49.953159899999996,7.310646,4084844,DE,0.0
2020-03-05,RP,8,0.0,7,Rheinland-Pfalz,49.953159899999996,7.310646,4084844,DE,6.0
2020-03-06,RP,10,0.0,7,Rheinland-Pfalz,49.953159899999996,7.310646,4084844,DE,2.0
2020-03-07,RP,13,0.0,7,Rheinland-Pfalz,49.953159899999996,7.310646,4084844,DE,3.0
2020-03-08,RP,19,0.0,7,Rheinland-Pfalz,49.953159899999996,7.310646,4084844,DE,6.0
2020-03-09,RP,17,0.0,7,Rheinland-Pfalz,49.953159899999996,7.310646,4084844,DE,-2.0
2020-03-10,RP,25,0.0,7,Rheinland-Pfalz,49.953159899999996,7.310646,4084844,DE,8.0
2020-03-11,RP,25,0.0,7,Rheinland-Pfalz,49.953159899999996,7.310646,4084844,DE,0.0
2020-03-12,RP,52,0.0,7,Rheinland-Pfalz,49.953159899999996,7.310646,4084844,DE,27.0
2020-03-13,RP,102,0.0,7,Rheinland-Pfalz,49.953159899999996,7.310646,4084844,DE,50.0
2020-03-14,RP,121,0.0,7,Rheinland-Pfalz,49.953159899999996,7.310646,4084844,DE,19.0
2020-03-15,RP,168,0.0,7,Rheinland-Pfalz,49.953159899999996,7.310646,4084844,DE,47.0
2020-03-16,RP,325,0.0,7,Rheinland-Pfalz,49.953159899999996,7.310646,4084844,DE,157.0
2020-03-17,RP,442,0.0,7,Rheinland-Pfalz,49.953159899999996,7.310646,4084844,DE,117.0
2020-03-18,RP,474,0.0,7,Rheinland-Pfalz,49.953159899999996,7.310646,4084844,DE,32.0
2020-03-19,RP,637,0.0,7,Rheinland-Pfalz,49.953159899999996,7.310646,4084844,DE,163.0
2020-03-20,RP,801,1.0,7,Rheinland-Pfalz,49.953159899999996,7.310646,4084844,DE,164.0
2020-02-24,SL,0,0.0,10,Saarland,49.417398799999994,6.9805789,990509,DE,
2020-02-25,SL,0,0.0,10,Saarland,49.417398799999994,6.9805789,990509,DE,0.0
2020-02-26,SL,0,0.0,10,Saarland,49.417398799999994,6.9805789,990509,DE,0.0
2020-02-27,SL,0,0.0,10,Saarland,49.417398799999994,6.9805789,990509,DE,0.0
2020-02-28,SL,0,0.0,10,Saarland,49.417398799999994,6.9805789,990509,DE,0.0
2020-02-29,SL,0,0.0,10,Saarland,49.417398799999994,6.9805789,990509,DE,0.0
2020-03-01,SL,0,0.0,10,Saarland,49.417398799999994,6.9805789,990509,DE,0.0
2020-03-02,SL,0,0.0,10,Saarland,49.417398799999994,6.9805789,990509,DE,0.0
2020-03-03,SL,0,0.0,10,Saarland,49.417398799999994,6.9805789,990509,DE,0.0
2020-03-04,SL,1,0.0,10,Saarland,49.417398799999994,6.9805789,990509,DE,1.0
2020-03-05,SL,1,0.0,10,Saarland,49.417398799999994,6.9805789,990509,DE,0.0
2020-03-06,SL,2,0.0,10,Saarland,49.417398799999994,6.9805789,990509,DE,1.0
2020-03-07,SL,3,0.0,10,Saarland,49.417398799999994,6.9805789,990509,DE,1.0
2020-03-08,SL,4,0.0,10,Saarland,49.417398799999994,6.9805789,990509,DE,1.0
2020-03-09,SL,6,0.0,10,Saarland,49.417398799999994,6.9805789,990509,DE,2.0
2020-03-10,SL,7,0.0,10,Saarland,49.417398799999994,6.9805789,990509,DE,1.0
2020-03-11,SL,14,0.0,10,Saarland,49.417398799999994,6.9805789,990509,DE,7.0
2020-03-12,SL,14,0.0,10,Saarland,49.417398799999994,6.9805789,990509,DE,0.0
2020-03-13,SL,40,0.0,10,Saarland,49.417398799999994,6.9805789,990509,DE,26.0
2020-03-14,SL,40,0.0,10,Saarland,49.417398799999994,6.9805789,990509,DE,0.0
2020-03-15,SL,32,0.0,10,Saarland,49.417398799999994,6.9805789,990509,DE,-8.0
2020-03-16,SL,85,0.0,10,Saarland,49.417398799999994,6.9805789,990509,DE,53.0
2020-03-17,SL,75,0.0,10,Saarland,49.417398799999994,6.9805789,990509,DE,-10.0
2020-03-18,SL,88,0.0,10,Saarland,49.417398799999994,6.9805789,990509,DE,13.0
2020-03-19,SL,99,0.0,10,Saarland,49.417398799999994,6.9805789,990509,DE,11.0
2020-03-20,SL,146,0.0,10,Saarland,49.417398799999994,6.9805789,990509,DE,47.0
2020-02-24,SN,0,0.0,14,Sachsen,50.92957979999999,13.4585052,4081000,DE,
2020-02-25,SN,0,0.0,14,Sachsen,50.92957979999999,13.4585052,4081000,DE,0.0
2020-02-26,SN,0,0.0,14,Sachsen,50.92957979999999,13.4585052,4081000,DE,0.0
2020-02-27,SN,0,0.0,14,Sachsen,50.92957979999999,13.4585052,4081000,DE,0.0
2020-02-28,SN,0,0.0,14,Sachsen,50.92957979999999,13.4585052,4081000,DE,0.0
2020-02-29,SN,0,0.0,14,Sachsen,50.92957979999999,13.4585052,4081000,DE,0.0
2020-03-01,SN,0,0.0,14,Sachsen,50.92957979999999,13.4585052,4081000,DE,0.0
2020-03-02,SN,0,0.0,14,Sachsen,50.92957979999999,13.4585052,4081000,DE,0.0
2020-03-03,SN,1,0.0,14,Sachsen,50.92957979999999,13.4585052,4081000,DE,1.0
2020-03-04,SN,1,0.0,14,Sachsen,50.92957979999999,13.4585052,4081000,DE,0.0
2020-03-05,SN,1,0.0,14,Sachsen,50.92957979999999,13.4585052,4081000,DE,0.0
2020-03-06,SN,2,0.0,14,Sachsen,50.92957979999999,13.4585052,4081000,DE,1.0
2020-03-07,SN,4,0.0,14,Sachsen,50.92957979999999,13.4585052,4081000,DE,2.0
2020-03-08,SN,7,0.0,14,Sachsen,50.92957979999999,13.4585052,4081000,DE,3.0
2020-03-09,SN,12,0.0,14,Sachsen,50.92957979999999,13.4585052,4081000,DE,5.0
2020-03-10,SN,22,0.0,14,Sachsen,50.92957979999999,13.4585052,4081000,DE,10.0
2020-03-11,SN,26,0.0,14,Sachsen,50.92957979999999,13.4585052,4081000,DE,4.0
2020-03-12,SN,45,0.0,14,Sachsen,50.92957979999999,13.4585052,4081000,DE,19.0
2020-03-13,SN,83,0.0,14,Sachsen,50.92957979999999,13.4585052,4081000,DE,38.0
2020-03-14,SN,93,0.0,14,Sachsen,50.92957979999999,13.4585052,4081000,DE,10.0
2020-03-15,SN,130,0.0,14,Sachsen,50.92957979999999,13.4585052,4081000,DE,37.0
2020-03-16,SN,140,0.0,14,Sachsen,50.92957979999999,13.4585052,4081000,DE,10.0
2020-03-17,SN,182,0.0,14,Sachsen,50.92957979999999,13.4585052,4081000,DE,42.0
2020-03-18,SN,198,0.0,14,Sachsen,50.92957979999999,13.4585052,4081000,DE,16.0
2020-03-19,SN,275,0.0,14,Sachsen,50.92957979999999,13.4585052,4081000,DE,77.0
2020-03-20,SN,394,0.0,14,Sachsen,50.92957979999999,13.4585052,4081000,DE,119.0
2020-02-24,ST,0,0.0,15,Sachsen-Anhalt,52.0198439,11.74437,2208321,DE,
2020-02-25,ST,0,0.0,15,Sachsen-Anhalt,52.0198439,11.74437,2208321,DE,0.0
2020-02-26,ST,0,0.0,15,Sachsen-Anhalt,52.0198439,11.74437,2208321,DE,0.0
2020-02-27,ST,0,0.0,15,Sachsen-Anhalt,52.0198439,11.74437,2208321,DE,0.0
2020-02-28,ST,0,0.0,15,Sachsen-Anhalt,52.0198439,11.74437,2208321,DE,0.0
2020-02-29,ST,0,0.0,15,Sachsen-Anhalt,52.0198439,11.74437,2208321,DE,0.0
2020-03-01,ST,0,0.0,15,Sachsen-Anhalt,52.0198439,11.74437,2208321,DE,0.0
2020-03-02,ST,0,0.0,15,Sachsen-Anhalt,52.0198439,11.74437,2208321,DE,0.0
2020-03-03,ST,0,0.0,15,Sachsen-Anhalt,52.0198439,11.74437,2208321,DE,0.0
2020-03-04,ST,0,0.0,15,Sachsen-Anhalt,52.0198439,11.74437,2208321,DE,0.0
2020-03-05,ST,0,0.0,15,Sachsen-Anhalt,52.0198439,11.74437,2208321,DE,0.0
2020-03-06,ST,0,0.0,15,Sachsen-Anhalt,52.0198439,11.74437,2208321,DE,0.0
2020-03-07,ST,0,0.0,15,Sachsen-Anhalt,52.0198439,11.74437,2208321,DE,0.0
2020-03-08,ST,0,0.0,15,Sachsen-Anhalt,52.0198439,11.74437,2208321,DE,0.0
2020-03-09,ST,0,0.0,15,Sachsen-Anhalt,52.0198439,11.74437,2208321,DE,0.0
2020-03-10,ST,7,0.0,15,Sachsen-Anhalt,52.0198439,11.74437,2208321,DE,7.0
2020-03-11,ST,15,0.0,15,Sachsen-Anhalt,52.0198439,11.74437,2208321,DE,8.0
2020-03-12,ST,27,0.0,15,Sachsen-Anhalt,52.0198439,11.74437,2208321,DE,12.0
2020-03-13,ST,42,0.0,15,Sachsen-Anhalt,52.0198439,11.74437,2208321,DE,15.0
2020-03-14,ST,45,0.0,15,Sachsen-Anhalt,52.0198439,11.74437,2208321,DE,3.0
2020-03-15,ST,47,0.0,15,Sachsen-Anhalt,52.0198439,11.74437,2208321,DE,2.0
2020-03-16,ST,77,0.0,15,Sachsen-Anhalt,52.0198439,11.74437,2208321,DE,30.0
2020-03-17,ST,58,0.0,15,Sachsen-Anhalt,52.0198439,11.74437,2208321,DE,-19.0
2020-03-18,ST,105,0.0,15,Sachsen-Anhalt,52.0198439,11.74437,2208321,DE,47.0
2020-03-19,ST,140,0.0,15,Sachsen-Anhalt,52.0198439,11.74437,2208321,DE,35.0
2020-03-20,ST,180,0.0,15,Sachsen-Anhalt,52.0198439,11.74437,2208321,DE,40.0
2020-02-24,SH,0,0.0,1,Schleswig-Holstein,54.0757442,9.981537699999999,2896712,DE,
2020-02-25,SH,0,0.0,1,Schleswig-Holstein,54.0757442,9.981537699999999,2896712,DE,0.0
2020-02-26,SH,0,0.0,1,Schleswig-Holstein,54.0757442,9.981537699999999,2896712,DE,0.0
2020-02-27,SH,0,0.0,1,Schleswig-Holstein,54.0757442,9.981537699999999,2896712,DE,0.0
2020-02-28,SH,1,0.0,1,Schleswig-Holstein,54.0757442,9.981537699999999,2896712,DE,1.0
2020-02-29,SH,1,0.0,1,Schleswig-Holstein,54.0757442,9.981537699999999,2896712,DE,0.0
2020-03-01,SH,2,0.0,1,Schleswig-Holstein,54.0757442,9.981537699999999,2896712,DE,1.0
2020-03-02,SH,2,0.0,1,Schleswig-Holstein,54.0757442,9.981537699999999,2896712,DE,0.0
2020-03-03,SH,2,0.0,1,Schleswig-Holstein,54.0757442,9.981537699999999,2896712,DE,0.0
2020-03-04,SH,2,0.0,1,Schleswig-Holstein,54.0757442,9.981537699999999,2896712,DE,0.0
2020-03-05,SH,7,0.0,1,Schleswig-Holstein,54.0757442,9.981537699999999,2896712,DE,5.0
2020-03-06,SH,7,0.0,1,Schleswig-Holstein,54.0757442,9.981537699999999,2896712,DE,0.0
2020-03-07,SH,8,0.0,1,Schleswig-Holstein,54.0757442,9.981537699999999,2896712,DE,1.0
2020-03-08,SH,9,0.0,1,Schleswig-Holstein,54.0757442,9.981537699999999,2896712,DE,1.0
2020-03-09,SH,9,0.0,1,Schleswig-Holstein,54.0757442,9.981537699999999,2896712,DE,0.0
2020-03-10,SH,9,0.0,1,Schleswig-Holstein,54.0757442,9.981537699999999,2896712,DE,0.0
2020-03-11,SH,27,0.0,1,Schleswig-Holstein,54.0757442,9.981537699999999,2896712,DE,18.0
2020-03-12,SH,31,0.0,1,Schleswig-Holstein,54.0757442,9.981537699999999,2896712,DE,4.0
2020-03-13,SH,48,0.0,1,Schleswig-Holstein,54.0757442,9.981537699999999,2896712,DE,17.0
2020-03-14,SH,60,0.0,1,Schleswig-Holstein,54.0757442,9.981537699999999,2896712,DE,12.0
2020-03-15,SH,103,0.0,1,Schleswig-Holstein,54.0757442,9.981537699999999,2896712,DE,43.0
2020-03-16,SH,123,0.0,1,Schleswig-Holstein,54.0757442,9.981537699999999,2896712,DE,20.0
2020-03-17,SH,127,0.0,1,Schleswig-Holstein,54.0757442,9.981537699999999,2896712,DE,4.0
2020-03-18,SH,159,0.0,1,Schleswig-Holstein,54.0757442,9.981537699999999,2896712,DE,32.0
2020-03-19,SH,202,0.0,1,Schleswig-Holstein,54.0757442,9.981537699999999,2896712,DE,43.0
2020-03-20,SH,266,1.0,1,Schleswig-Holstein,54.0757442,9.981537699999999,2896712,DE,64.0
2020-02-24,TH,0,0.0,16,Thueringen,50.8478592,11.0715009,2143145,DE,
2020-02-25,TH,0,0.0,16,Thueringen,50.8478592,11.0715009,2143145,DE,0.0
2020-02-26,TH,0,0.0,16,Thueringen,50.8478592,11.0715009,2143145,DE,0.0
2020-02-27,TH,0,0.0,16,Thueringen,50.8478592,11.0715009,2143145,DE,0.0
2020-02-28,TH,0,0.0,16,Thueringen,50.8478592,11.0715009,2143145,DE,0.0
2020-02-29,TH,0,0.0,16,Thueringen,50.8478592,11.0715009,2143145,DE,0.0
2020-03-01,TH,0,0.0,16,Thueringen,50.8478592,11.0715009,2143145,DE,0.0
2020-03-02,TH,0,0.0,16,Thueringen,50.8478592,11.0715009,2143145,DE,0.0
2020-03-03,TH,1,0.0,16,Thueringen,50.8478592,11.0715009,2143145,DE,1.0
2020-03-04,TH,1,0.0,16,Thueringen,50.8478592,11.0715009,2143145,DE,0.0
2020-03-05,TH,1,0.0,16,Thueringen,50.8478592,11.0715009,2143145,DE,0.0
2020-03-06,TH,1,0.0,16,Thueringen,50.8478592,11.0715009,2143145,DE,0.0
2020-03-07,TH,2,0.0,16,Thueringen,50.8478592,11.0715009,2143145,DE,1.0
2020-03-08,TH,2,0.0,16,Thueringen,50.8478592,11.0715009,2143145,DE,0.0
2020-03-09,TH,2,0.0,16,Thueringen,50.8478592,11.0715009,2143145,DE,0.0
2020-03-10,TH,4,0.0,16,Thueringen,50.8478592,11.0715009,2143145,DE,2.0
2020-03-11,TH,10,0.0,16,Thueringen,50.8478592,11.0715009,2143145,DE,6.0
2020-03-12,TH,14,0.0,16,Thueringen,50.8478592,11.0715009,2143145,DE,4.0
2020-03-13,TH,29,0.0,16,Thueringen,50.8478592,11.0715009,2143145,DE,15.0
2020-03-14,TH,46,0.0,16,Thueringen,50.8478592,11.0715009,2143145,DE,17.0
2020-03-15,TH,51,0.0,16,Thueringen,50.8478592,11.0715009,2143145,DE,5.0
2020-03-16,TH,55,0.0,16,Thueringen,50.8478592,11.0715009,2143145,DE,4.0
2020-03-17,TH,51,0.0,16,Thueringen,50.8478592,11.0715009,2143145,DE,-4.0
2020-03-18,TH,74,0.0,16,Thueringen,50.8478592,11.0715009,2143145,DE,23.0
2020-03-19,TH,98,0.0,16,Thueringen,50.8478592,11.0715009,2143145,DE,24.0
2020-03-20,TH,149,0.0,16,Thueringen,50.8478592,11.0715009,2143145,DE,51.0
